sale_id,product_id,customer_id,sale_price,quantity,sale_date,VIP_status
1001,P101,C_001,$150.00,2.0,15-01-2023,
1002,P102,C_002,$75,3.0,01/20/2023,
1003,P103,C_001,$250.50,1.0,25-01-2023,
1004,P101,C_003,$150.00,4.0,01-02-2023,
1005,P104,C_004,$30.00,,05-02-2023,
1006,P102,C_005,$75,2.0,10-02-2023,
1007,P105,C_003,120,1.0,02/15/2023,
1008,P101,C_006,$150,3.0,20-02-2023,
1009,P103,C_007,,2.0,25-02-2023,
1010,P104,C_008,$30.00,5.0,01-03-2023,
1011,P102,C_009,$75,1.0,05-03-2023,
1012,P105,C_001,$120.00,3.0,10-03-2023,
1013,P103,C_010,250.5,1.0,15-03-2023,
1014,P101,C_014,,3.0,01-02-2023,0.0
1015,P102,C_024,,,11-03-2023,0.0
1016,P105,C_065,$150.00,1.0,12-01-2023,1.0
1017,P102,C_075,120,1.0,13-03-2023,1.0
1018,P105,C_064,$75,4.0,03/17/2023,1.0
1019,P101,C_031,,4.0,02/13/2023,1.0
1020,P102,C_038,$250.50,1.0,01-12-2023,0.0
1021,P101,C_056,$250.50,5.0,03-02-2023,0.0
1022,P104,C_079,$150.00,4.0,11-01-2023,1.0
1023,P103,C_091,120,3.0,15-03-2023,0.0
1024,P101,C_016,,2.0,07-02-2023,0.0
1025,P102,C_023,$30.00,3.0,28-02-2023,1.0
1026,P103,C_031,$250.50,3.0,27-01-2023,1.0
1027,P103,C_098,,1.0,19-03-2023,1.0
1028,P102,C_079,,2.0,01/21/2023,1.0
1029,P104,C_045,,,13-03-2023,0.0
1030,P103,C_018,$75,1.0,02-10-2023,0.0
1031,P103,C_019,$75,5.0,10-02-2023,1.0
1032,P104,C_061,,4.0,01/19/2023,0.0
1033,P102,C_042,,5.0,03-10-2023,0.0
1034,P105,C_065,120,4.0,16-02-2023,1.0
1035,P102,C_076,$30.00,1.0,07-01-2023,0.0
1036,P102,C_091,$75,,24-02-2023,0.0
1037,P101,C_060,$30.00,5.0,01-03-2023,1.0
1038,P103,C_081,$150.00,,15-01-2023,1.0
1039,P105,C_045,,3.0,01/15/2023,0.0
1040,P104,C_031,$30.00,1.0,03-02-2023,1.0
1041,P102,C_075,$150.00,,08-02-2023,1.0
1042,P105,C_088,$75,2.0,17-02-2023,1.0
1043,P105,C_078,$150.00,5.0,02-11-2023,1.0
1044,P101,C_025,$250.50,3.0,31-01-2023,1.0
1045,P102,C_083,$150.00,1.0,04-03-2023,1.0
1046,P105,C_027,$75,,02-03-2023,1.0
1047,P102,C_044,120,5.0,24-02-2023,0.0
1048,P105,C_099,$75,,02-09-2023,1.0
1049,P103,C_067,120,4.0,16-01-2023,0.0
1050,P102,C_019,$250.50,1.0,17-03-2023,1.0
1051,P102,C_086,$75,1.0,10-01-2023,0.0
1052,P101,C_040,$150.00,1.0,12-02-2023,0.0
1053,P105,C_041,$250.50,,04-03-2023,0.0
1054,P105,C_027,,5.0,03/15/2023,1.0
1055,P102,C_071,$30.00,2.0,13-01-2023,1.0
1056,P104,C_056,$30.00,4.0,01-03-2023,0.0
1057,P101,C_097,,,13-01-2023,0.0
1058,P104,C_054,$150.00,2.0,25-01-2023,1.0
1059,P105,C_068,$75,4.0,01/24/2023,1.0
1060,P104,C_042,$150.00,4.0,12-03-2023,0.0
1061,P101,C_094,120,1.0,12-01-2023,0.0
1062,P102,C_063,$30.00,4.0,01/28/2023,0.0
1063,P101,C_032,$30.00,1.0,02/19/2023,1.0
1064,P104,C_047,$30.00,,13-03-2023,0.0
1065,P104,C_030,$75,3.0,28-01-2023,0.0
1066,P105,C_080,$150.00,,10-02-2023,1.0
1067,P101,C_085,$30.00,5.0,09-03-2023,0.0
1068,P101,C_076,$150.00,2.0,09-01-2023,0.0
1069,P101,C_097,$75,4.0,16-01-2023,0.0
1070,P102,C_085,120,1.0,21-03-2023,0.0
1071,P104,C_095,120,5.0,03-08-2023,1.0
1072,P103,C_037,,,10-02-2023,0.0
1073,P103,C_061,$75,,03/24/2023,0.0
1074,P104,C_051,$150.00,1.0,28-02-2023,1.0
1075,P105,C_023,$150.00,5.0,28-01-2023,1.0
1076,P103,C_027,$250.50,1.0,02-01-2023,1.0
1077,P103,C_031,$30.00,5.0,04-01-2023,1.0
1078,P105,C_094,120,1.0,27-03-2023,0.0
1079,P103,C_095,$150.00,2.0,03-02-2023,1.0
1080,P101,C_081,$75,3.0,06-02-2023,1.0
1081,P102,C_054,$75,,03/23/2023,1.0
1082,P105,C_073,$250.50,1.0,12-01-2023,1.0
1083,P104,C_046,$150.00,1.0,12-02-2023,1.0
1084,P103,C_031,,4.0,12-03-2023,1.0
1085,P104,C_082,$150.00,1.0,10-01-2023,0.0
1086,P102,C_080,$150.00,3.0,16-03-2023,1.0
1087,P102,C_066,$75,1.0,02-09-2023,0.0
1088,P101,C_056,$75,,01-02-2023,0.0
1089,P101,C_056,120,4.0,21-03-2023,0.0
1090,P102,C_041,$75,2.0,22-02-2023,0.0
1091,P102,C_053,$30.00,,02-01-2023,1.0
1092,P102,C_024,$30.00,1.0,02-03-2023,0.0
1093,P102,C_069,$250.50,3.0,30-01-2023,1.0
1094,P101,C_095,$75,4.0,02-12-2023,1.0
1095,P101,C_046,$250.50,,03-07-2023,1.0
1096,P105,C_053,$150.00,1.0,03-02-2023,1.0
1097,P105,C_044,$150.00,1.0,03/18/2023,0.0
1098,P103,C_051,$30.00,5.0,07-03-2023,1.0
1099,P104,C_084,$75,3.0,06-01-2023,0.0
1100,P104,C_011,120,5.0,29-03-2023,1.0
1101,P102,C_057,$30.00,1.0,03/27/2023,0.0
1102,P105,C_051,,1.0,08-02-2023,1.0
1103,P103,C_096,$30.00,3.0,21-02-2023,0.0
1104,P103,C_081,$75,2.0,23-02-2023,1.0
1105,P104,C_097,,2.0,20-03-2023,0.0
1106,P103,C_062,120,1.0,02-08-2023,1.0
1107,P102,C_066,120,5.0,03/25/2023,0.0
1108,P104,C_067,$30.00,,28-01-2023,0.0
1109,P104,C_032,,1.0,06-02-2023,1.0
1110,P105,C_053,$150.00,2.0,03/28/2023,1.0
1111,P102,C_036,$75,1.0,06-01-2023,1.0
1112,P104,C_089,$150.00,4.0,23-02-2023,0.0
1113,P105,C_035,,,02/19/2023,1.0
1114,P104,C_042,$75,,30-03-2023,0.0
1115,P101,C_065,$75,2.0,31-03-2023,1.0
1116,P104,C_017,120,2.0,01/16/2023,1.0
1117,P102,C_070,,5.0,13-03-2023,1.0
1118,P103,C_067,120,,03-06-2023,0.0
1119,P105,C_068,$75,,03-02-2023,1.0
1120,P103,C_042,,3.0,03-08-2023,0.0
1121,P102,C_046,$30.00,1.0,06-02-2023,1.0
1122,P103,C_053,$250.50,5.0,11-01-2023,1.0
1123,P102,C_040,$30.00,,20-01-2023,0.0
1124,P102,C_019,$30.00,4.0,12-02-2023,1.0
1125,P104,C_064,$150.00,2.0,02/23/2023,1.0
1126,P105,C_013,120,4.0,03-03-2023,0.0
1127,P103,C_049,$30.00,4.0,10-03-2023,0.0
1128,P105,C_088,$75,4.0,01/29/2023,1.0
1129,P104,C_073,$150.00,4.0,13-02-2023,1.0
1130,P104,C_032,$30.00,2.0,21-03-2023,1.0
1131,P101,C_061,120,5.0,26-03-2023,0.0
1132,P101,C_093,$30.00,2.0,01-03-2023,0.0
1133,P101,C_044,$30.00,3.0,01/28/2023,0.0
1134,P103,C_054,$30.00,3.0,02/23/2023,1.0
1135,P101,C_071,$150.00,,11-03-2023,1.0
1136,P103,C_039,,1.0,25-03-2023,1.0
1137,P101,C_042,$75,1.0,21-03-2023,0.0
1138,P102,C_027,$30.00,,15-01-2023,1.0
1139,P102,C_070,,3.0,17-02-2023,1.0
1140,P105,C_088,,,15-01-2023,1.0
1141,P103,C_024,120,1.0,09-02-2023,0.0
1142,P104,C_061,,2.0,10-01-2023,0.0
1143,P102,C_024,,3.0,29-03-2023,0.0
1144,P101,C_083,$150.00,3.0,03-10-2023,1.0
1145,P103,C_019,120,,13-02-2023,1.0
1146,P104,C_073,$150.00,4.0,16-02-2023,1.0
1147,P104,C_030,$30.00,2.0,08-03-2023,0.0
1148,P103,C_089,120,4.0,03-01-2023,0.0
1149,P105,C_045,$250.50,2.0,01-12-2023,0.0
1150,P104,C_042,$30.00,5.0,20-03-2023,0.0
1151,P104,C_054,$150.00,4.0,11-02-2023,1.0
1152,P104,C_038,$250.50,3.0,02/13/2023,0.0
1153,P105,C_046,120,1.0,08-03-2023,1.0
1154,P101,C_041,,4.0,04-03-2023,0.0
1155,P102,C_099,$30.00,,03-04-2023,1.0
1156,P101,C_022,$250.50,2.0,21-02-2023,0.0
1157,P102,C_050,,5.0,02/17/2023,0.0
1158,P105,C_078,$250.50,4.0,03-12-2023,1.0
1159,P103,C_069,$250.50,3.0,02-02-2023,1.0
1160,P101,C_035,$250.50,1.0,10-03-2023,1.0
1161,P102,C_035,$75,,03-03-2023,1.0
1162,P105,C_078,120,3.0,13-01-2023,1.0
1163,P103,C_040,$250.50,2.0,08-02-2023,0.0
1164,P105,C_027,$250.50,1.0,07-01-2023,1.0
1165,P103,C_027,,4.0,14-01-2023,1.0
1166,P105,C_047,$30.00,4.0,02/26/2023,0.0
1167,P102,C_017,$250.50,4.0,15-01-2023,1.0
1168,P104,C_073,$150.00,5.0,22-03-2023,1.0
1169,P101,C_030,$75,5.0,08-02-2023,0.0
1170,P102,C_026,120,4.0,19-03-2023,1.0
1171,P105,C_039,120,4.0,02/27/2023,1.0
1172,P103,C_086,$30.00,3.0,14-03-2023,0.0
1173,P101,C_089,,1.0,27-01-2023,0.0
1174,P102,C_044,,1.0,21-01-2023,0.0
1175,P102,C_081,$150.00,2.0,01-01-2023,1.0
1176,P104,C_099,120,4.0,07-02-2023,1.0
1177,P102,C_047,,3.0,03/31/2023,0.0
1178,P101,C_098,$75,3.0,22-03-2023,1.0
1179,P102,C_065,$150.00,5.0,29-01-2023,1.0
1180,P102,C_045,$75,1.0,08-01-2023,0.0
1181,P103,C_087,,5.0,02-06-2023,1.0
1182,P101,C_070,,3.0,03/31/2023,1.0
1183,P103,C_075,120,4.0,26-02-2023,1.0
1184,P105,C_016,$30.00,,11-02-2023,0.0
1185,P103,C_014,$150.00,2.0,28-03-2023,0.0
1186,P105,C_013,,3.0,15-03-2023,0.0
1187,P102,C_071,120,,02/26/2023,1.0
1188,P102,C_085,$30.00,,04-03-2023,0.0
1189,P104,C_055,$30.00,3.0,11-02-2023,0.0
1190,P101,C_031,$250.50,4.0,03/30/2023,1.0
1191,P103,C_095,$30.00,5.0,01-05-2023,1.0
1192,P101,C_051,$250.50,3.0,01/15/2023,1.0
1193,P105,C_011,,5.0,03-01-2023,1.0
1194,P101,C_035,120,3.0,03/21/2023,1.0
1195,P104,C_017,$75,3.0,12-03-2023,1.0
1196,P103,C_067,,4.0,16-01-2023,0.0
1197,P105,C_041,,2.0,09-02-2023,0.0
1198,P101,C_081,$30.00,1.0,29-01-2023,1.0
1199,P104,C_026,,2.0,05-03-2023,1.0
1200,P103,C_076,,3.0,02/23/2023,0.0
1201,P104,C_042,$30.00,5.0,01/19/2023,0.0
1202,P102,C_087,120,,18-01-2023,1.0
1203,P103,C_064,$250.50,5.0,04-02-2023,1.0
1204,P103,C_049,120,5.0,03/26/2023,0.0
1205,P102,C_068,120,4.0,02/14/2023,1.0
1206,P105,C_080,$30.00,4.0,11-02-2023,1.0
1207,P102,C_084,$30.00,2.0,22-02-2023,0.0
1208,P103,C_071,,4.0,19-02-2023,1.0
1209,P102,C_074,$150.00,2.0,06-03-2023,0.0
1210,P103,C_023,$30.00,1.0,03-09-2023,1.0
1211,P101,C_029,$30.00,,20-01-2023,0.0
1212,P104,C_044,$250.50,5.0,03/30/2023,0.0
1213,P101,C_053,,5.0,02/18/2023,1.0
1214,P104,C_080,$150.00,5.0,09-01-2023,1.0
1215,P103,C_040,,1.0,25-02-2023,0.0
1216,P101,C_067,$75,,08-02-2023,0.0
1217,P101,C_052,$150.00,3.0,02/15/2023,0.0
1218,P104,C_029,$75,5.0,22-02-2023,0.0
1219,P102,C_032,$75,1.0,03/20/2023,1.0
1220,P105,C_098,$75,4.0,16-03-2023,1.0
1221,P102,C_070,,3.0,02/28/2023,1.0
1222,P101,C_070,$250.50,,11-03-2023,1.0
1223,P101,C_067,$250.50,5.0,08-02-2023,0.0
1224,P104,C_099,$250.50,4.0,08-02-2023,1.0
1225,P104,C_072,$150.00,2.0,18-02-2023,
1226,P103,C_084,$250.50,,07-02-2023,0.0
1227,P104,C_046,$150.00,5.0,29-03-2023,1.0
1228,P101,C_088,,4.0,06-02-2023,1.0
1229,P105,C_056,$75,,25-01-2023,0.0
1230,P103,C_097,,,29-03-2023,0.0
1231,P101,C_091,,1.0,02-09-2023,0.0
1232,P101,C_085,$250.50,,17-01-2023,0.0
1233,P103,C_052,,4.0,23-01-2023,0.0
1234,P102,C_080,$250.50,5.0,03-06-2023,1.0
1235,P102,C_043,$30.00,3.0,13-02-2023,0.0
1236,P104,C_020,$75,2.0,28-03-2023,0.0
1237,P104,C_082,$250.50,1.0,20-02-2023,0.0
1238,P103,C_079,$150.00,4.0,17-02-2023,1.0
1239,P103,C_085,$30.00,,17-02-2023,0.0
1240,P102,C_071,$150.00,5.0,03/13/2023,1.0
1241,P105,C_039,,1.0,03/23/2023,1.0
1242,P103,C_094,$30.00,1.0,18-01-2023,0.0
1243,P101,C_049,$30.00,1.0,13-01-2023,0.0
1244,P105,C_028,$30.00,4.0,17-02-2023,1.0
1245,P105,C_064,120,,01/20/2023,1.0
1246,P101,C_073,120,4.0,05-02-2023,1.0
1247,P103,C_038,$30.00,4.0,01/31/2023,0.0
1248,P101,C_098,$250.50,5.0,03/24/2023,1.0
1249,P101,C_061,$250.50,2.0,01/16/2023,0.0
1250,P101,C_095,$75,,23-03-2023,1.0
1251,P101,C_017,$250.50,2.0,17-01-2023,1.0
1252,P102,C_019,120,2.0,17-03-2023,1.0
1253,P102,C_053,$75,5.0,01-01-2023,1.0
1254,P102,C_027,120,3.0,23-01-2023,1.0
1255,P101,C_027,$150.00,3.0,31-01-2023,1.0
1256,P103,C_013,$75,3.0,07-01-2023,0.0
1257,P104,C_078,$150.00,,01-09-2023,1.0
1258,P104,C_057,120,5.0,01/14/2023,0.0
1259,P105,C_039,120,1.0,26-03-2023,1.0
1260,P103,C_069,,1.0,01-08-2023,1.0
1261,P104,C_065,,1.0,04-03-2023,1.0
1262,P104,C_020,$150.00,3.0,19-03-2023,0.0
1263,P101,C_027,$250.50,5.0,23-03-2023,1.0
1264,P105,C_052,$30.00,5.0,03-09-2023,0.0
1265,P104,C_075,120,4.0,13-01-2023,1.0
1266,P101,C_094,,5.0,01/28/2023,0.0
1267,P104,C_040,$30.00,3.0,02/28/2023,0.0
1268,P104,C_023,$250.50,4.0,10-02-2023,1.0
1269,P103,C_058,$75,,02-03-2023,1.0
1270,P101,C_021,$150.00,4.0,13-01-2023,1.0
1271,P103,C_027,120,1.0,17-03-2023,1.0
1272,P105,C_053,,1.0,02/22/2023,1.0
1273,P104,C_017,$250.50,5.0,02-09-2023,1.0
1274,P101,C_084,120,2.0,20-01-2023,0.0
1275,P104,C_039,$150.00,3.0,03/13/2023,1.0
1276,P101,C_046,120,2.0,24-02-2023,1.0
1277,P105,C_089,,,13-03-2023,0.0
1278,P105,C_095,,3.0,04-01-2023,1.0
1279,P103,C_050,$250.50,3.0,01-01-2023,0.0
1280,P102,C_083,,4.0,09-01-2023,1.0
1281,P101,C_022,,5.0,01/28/2023,0.0
1282,P104,C_069,$250.50,2.0,02/17/2023,1.0
1283,P103,C_083,120,1.0,07-01-2023,1.0
1284,P102,C_090,$150.00,,01-11-2023,0.0
1285,P104,C_095,$30.00,4.0,03/19/2023,1.0
1286,P104,C_045,$75,5.0,01/15/2023,0.0
1287,P104,C_025,$250.50,,28-03-2023,1.0
1288,P104,C_078,,3.0,06-01-2023,1.0
1289,P104,C_087,$150.00,1.0,01/27/2023,1.0
1290,P102,C_028,$250.50,3.0,11-02-2023,1.0
1291,P101,C_074,,4.0,23-01-2023,0.0
1292,P104,C_079,,2.0,06-03-2023,1.0
1293,P103,C_020,$30.00,,01-06-2023,0.0
1294,P101,C_069,$150.00,3.0,03/15/2023,1.0
1295,P105,C_062,,,02/23/2023,1.0
1296,P101,C_062,$150.00,3.0,22-01-2023,1.0
1297,P104,C_099,$250.50,1.0,25-02-2023,1.0
1298,P102,C_066,120,4.0,09-03-2023,0.0
1299,P104,C_050,,3.0,01/29/2023,0.0
1300,P102,C_020,120,,15-01-2023,0.0
1301,P105,C_035,$250.50,3.0,24-03-2023,1.0
1302,P102,C_024,$75,3.0,26-01-2023,0.0
1303,P105,C_030,,1.0,23-01-2023,0.0
1304,P104,C_070,120,5.0,27-02-2023,1.0
1305,P105,C_093,,5.0,11-02-2023,0.0
1306,P103,C_030,$30.00,1.0,03-02-2023,0.0
1307,P103,C_046,120,1.0,15-02-2023,1.0
1308,P101,C_050,$30.00,4.0,05-01-2023,0.0
1309,P103,C_047,$150.00,,12-01-2023,0.0
1310,P105,C_075,$30.00,4.0,16-03-2023,1.0
1311,P101,C_068,120,,01/25/2023,1.0
1312,P105,C_071,120,2.0,01-08-2023,1.0
1313,P101,C_054,,1.0,06-03-2023,1.0
1314,P102,C_016,$75,,02/26/2023,0.0
1315,P105,C_077,120,2.0,02/16/2023,0.0
1316,P103,C_060,$30.00,3.0,28-03-2023,1.0
1317,P101,C_091,,3.0,01-09-2023,0.0
1318,P101,C_082,,4.0,02-06-2023,0.0
1319,P105,C_030,$250.50,1.0,16-03-2023,0.0
1320,P102,C_055,$250.50,,31-03-2023,0.0
1321,P104,C_027,120,,01-11-2023,1.0
1322,P105,C_059,,3.0,17-01-2023,1.0
1323,P105,C_022,,,24-02-2023,0.0
1324,P103,C_013,$250.50,3.0,24-01-2023,0.0
1325,P103,C_073,$75,2.0,18-01-2023,1.0
1326,P101,C_048,$150.00,5.0,11-03-2023,0.0
1327,P105,C_015,,3.0,21-03-2023,0.0
1328,P105,C_059,$75,2.0,24-01-2023,1.0
1329,P105,C_032,,4.0,01-06-2023,1.0
1330,P103,C_097,,2.0,26-02-2023,0.0
1331,P103,C_068,$75,5.0,01/31/2023,1.0
1332,P104,C_035,$250.50,,03/15/2023,1.0
1333,P104,C_047,$30.00,5.0,03-09-2023,0.0
1334,P102,C_036,120,2.0,02-02-2023,1.0
1335,P104,C_058,120,1.0,08-03-2023,1.0
1336,P103,C_021,$75,3.0,27-02-2023,1.0
1337,P102,C_066,$150.00,2.0,02/27/2023,0.0
1338,P101,C_064,$150.00,4.0,03-06-2023,1.0
1339,P102,C_060,$150.00,3.0,29-01-2023,1.0
1340,P103,C_023,,,12-02-2023,1.0
1341,P102,C_015,$250.50,4.0,31-03-2023,0.0
1342,P104,C_068,120,1.0,11-01-2023,1.0
1343,P103,C_038,$75,5.0,19-03-2023,0.0
1344,P104,C_025,$250.50,2.0,08-02-2023,1.0
1345,P101,C_041,$30.00,,03/21/2023,0.0
1346,P101,C_025,$30.00,5.0,10-03-2023,1.0
1347,P105,C_084,$75,,01/19/2023,0.0
1348,P104,C_011,120,3.0,31-01-2023,1.0
1349,P104,C_034,,,11-01-2023,1.0
1350,P103,C_019,120,5.0,06-03-2023,1.0
1351,P105,C_013,$30.00,4.0,06-01-2023,0.0
1352,P104,C_058,$250.50,,01-03-2023,1.0
1353,P101,C_055,$75,,26-03-2023,0.0
1354,P101,C_085,,3.0,18-01-2023,0.0
1355,P103,C_080,$250.50,,23-01-2023,1.0
1356,P104,C_072,,2.0,18-01-2023,
1357,P104,C_015,$250.50,2.0,06-01-2023,0.0
1358,P101,C_051,$250.50,5.0,20-02-2023,1.0
1359,P104,C_043,$150.00,,01/25/2023,0.0
1360,P103,C_017,,3.0,04-02-2023,1.0
1361,P103,C_066,$30.00,,02/26/2023,0.0
1362,P103,C_034,$30.00,,03-05-2023,1.0
1363,P105,C_045,$150.00,,24-02-2023,0.0
1364,P104,C_088,$75,5.0,02-07-2023,1.0
1365,P101,C_021,$250.50,,02-07-2023,1.0
1366,P104,C_088,,4.0,22-01-2023,1.0
1367,P104,C_055,$30.00,1.0,15-02-2023,0.0
1368,P104,C_046,,1.0,10-01-2023,1.0
1369,P104,C_057,120,,28-03-2023,0.0
1370,P101,C_029,120,,26-02-2023,0.0
1371,P102,C_019,$75,,02/16/2023,1.0
1372,P104,C_083,$150.00,5.0,20-01-2023,1.0
1373,P104,C_058,$250.50,4.0,10-01-2023,1.0
1374,P102,C_078,$250.50,4.0,10-02-2023,1.0
1375,P103,C_042,$150.00,1.0,01/24/2023,0.0
1376,P105,C_060,120,1.0,02-03-2023,1.0
1377,P104,C_038,120,3.0,03/30/2023,0.0
1378,P102,C_026,$75,1.0,27-02-2023,1.0
1379,P104,C_022,,3.0,03/27/2023,0.0
1380,P101,C_081,120,3.0,08-02-2023,1.0
1381,P102,C_057,120,2.0,16-01-2023,0.0
1382,P102,C_041,$30.00,1.0,16-02-2023,0.0
1383,P105,C_058,$30.00,5.0,17-01-2023,1.0
1384,P101,C_019,$250.50,4.0,03-03-2023,1.0
1385,P104,C_063,120,1.0,01/17/2023,0.0
1386,P101,C_068,$30.00,,03-08-2023,1.0
1387,P102,C_081,,5.0,24-01-2023,1.0
1388,P104,C_075,$150.00,1.0,08-03-2023,1.0
1389,P103,C_032,$75,3.0,01-04-2023,1.0
1390,P103,C_077,$250.50,1.0,02-02-2023,0.0
1391,P105,C_046,$75,,08-02-2023,1.0
1392,P105,C_022,120,,22-01-2023,0.0
1393,P105,C_030,$75,,21-03-2023,0.0
1394,P105,C_054,120,1.0,04-01-2023,1.0
1395,P101,C_093,120,3.0,25-03-2023,0.0
1396,P105,C_064,120,,01-04-2023,1.0
1397,P105,C_048,,3.0,03-03-2023,0.0
1398,P104,C_049,$30.00,1.0,30-03-2023,0.0
1399,P102,C_067,$30.00,4.0,01-03-2023,0.0
1400,P103,C_088,$75,3.0,10-02-2023,1.0
1401,P103,C_062,$75,3.0,07-03-2023,1.0
1402,P101,C_051,$75,4.0,01/16/2023,1.0
1403,P104,C_042,$75,1.0,01-07-2023,0.0
1404,P104,C_089,$30.00,2.0,01/21/2023,0.0
1405,P105,C_051,$75,2.0,05-03-2023,1.0
1406,P104,C_074,$250.50,4.0,03-01-2023,0.0
1407,P104,C_075,$30.00,2.0,28-01-2023,1.0
1408,P103,C_017,$150.00,3.0,05-03-2023,1.0
1409,P104,C_047,120,1.0,01/14/2023,0.0
1410,P102,C_044,,3.0,02/21/2023,0.0
1411,P101,C_062,$150.00,5.0,13-03-2023,1.0
1412,P103,C_081,$250.50,1.0,19-02-2023,1.0
1413,P104,C_081,$250.50,5.0,29-03-2023,1.0
1414,P101,C_027,$150.00,4.0,02/17/2023,1.0
1415,P105,C_057,$75,2.0,19-03-2023,0.0
1416,P104,C_075,$150.00,1.0,05-01-2023,1.0
1417,P103,C_071,120,4.0,20-01-2023,1.0
1418,P105,C_028,$250.50,5.0,10-02-2023,1.0
1419,P104,C_089,,3.0,03/17/2023,0.0
1420,P105,C_076,120,4.0,01-04-2023,0.0
1421,P103,C_071,$150.00,3.0,12-02-2023,1.0
1422,P101,C_064,120,3.0,30-03-2023,1.0
1423,P101,C_087,$30.00,3.0,25-03-2023,1.0
1424,P105,C_040,,1.0,03/16/2023,0.0
1425,P102,C_078,,,03/21/2023,1.0
1426,P102,C_098,$75,1.0,15-03-2023,1.0
1427,P101,C_035,$150.00,4.0,02-10-2023,1.0
1428,P102,C_063,,2.0,22-02-2023,0.0
1429,P105,C_071,,,08-01-2023,1.0
1430,P102,C_077,$75,5.0,11-02-2023,0.0
1431,P104,C_078,$30.00,3.0,01/23/2023,1.0
1432,P105,C_054,120,3.0,28-03-2023,1.0
1433,P103,C_089,$30.00,2.0,02-01-2023,0.0
1434,P105,C_049,$75,3.0,06-02-2023,0.0
1435,P102,C_099,,4.0,02-10-2023,1.0
1436,P103,C_082,,3.0,06-02-2023,0.0
1437,P105,C_097,120,4.0,02/20/2023,0.0
1438,P102,C_048,$150.00,3.0,01-11-2023,0.0
1439,P104,C_094,$250.50,,03-03-2023,0.0
1440,P102,C_079,$250.50,5.0,03/31/2023,1.0
1441,P102,C_024,120,,17-03-2023,0.0
1442,P102,C_017,,5.0,29-01-2023,1.0
1443,P102,C_017,$150.00,4.0,12-02-2023,1.0
1444,P104,C_023,,2.0,01-01-2023,1.0
1445,P102,C_063,,4.0,03-03-2023,0.0
1446,P102,C_047,$250.50,3.0,24-03-2023,0.0
1447,P101,C_094,120,2.0,10-03-2023,0.0
1448,P101,C_033,$30.00,2.0,01-05-2023,0.0
1449,P104,C_034,,3.0,05-01-2023,1.0
1450,P103,C_083,120,1.0,02-12-2023,1.0
1451,P104,C_093,120,5.0,05-03-2023,0.0
1452,P105,C_070,$250.50,2.0,01/15/2023,1.0
1453,P102,C_069,,3.0,24-01-2023,1.0
1454,P103,C_048,120,,25-01-2023,0.0
1455,P105,C_092,$30.00,4.0,03-07-2023,0.0
1456,P101,C_062,,1.0,24-01-2023,1.0
1457,P104,C_052,$75,1.0,02-03-2023,0.0
1458,P102,C_068,$250.50,3.0,08-02-2023,1.0
1459,P105,C_012,$250.50,,16-02-2023,1.0
1460,P102,C_018,,1.0,03-01-2023,0.0
1461,P102,C_062,,5.0,04-01-2023,1.0
1462,P101,C_092,$250.50,3.0,20-03-2023,0.0
1463,P102,C_028,$30.00,2.0,28-02-2023,1.0
1464,P105,C_058,$30.00,,03-12-2023,1.0
1465,P105,C_096,$75,2.0,29-03-2023,0.0
1466,P101,C_078,$30.00,5.0,04-01-2023,1.0
1467,P101,C_083,$150.00,1.0,12-03-2023,1.0
1468,P102,C_084,120,2.0,01/22/2023,0.0
1469,P105,C_067,$150.00,,27-01-2023,0.0
1470,P105,C_073,$150.00,5.0,27-02-2023,1.0
1471,P104,C_027,120,4.0,28-02-2023,1.0
1472,P101,C_082,$30.00,,09-02-2023,0.0
1473,P101,C_061,$250.50,1.0,28-01-2023,0.0
1474,P101,C_016,$30.00,3.0,31-03-2023,0.0
1475,P105,C_018,$150.00,4.0,01-05-2023,0.0
1476,P104,C_034,$75,,03/24/2023,1.0
1477,P103,C_059,$30.00,4.0,18-02-2023,1.0
1478,P105,C_028,,3.0,16-01-2023,1.0
1479,P105,C_061,120,2.0,29-01-2023,0.0
1480,P101,C_049,$30.00,,03-11-2023,0.0
1481,P105,C_059,$75,2.0,02/28/2023,1.0
1482,P102,C_046,$75,,15-01-2023,1.0
1483,P104,C_089,$150.00,2.0,27-01-2023,0.0
1484,P101,C_087,$150.00,4.0,18-03-2023,1.0
1485,P101,C_042,,1.0,02/21/2023,0.0
1486,P102,C_080,$75,1.0,18-01-2023,1.0
1487,P103,C_040,,5.0,10-02-2023,0.0
1488,P105,C_097,$250.50,2.0,08-02-2023,0.0
1489,P105,C_039,$30.00,3.0,05-02-2023,1.0
1490,P105,C_086,,2.0,22-03-2023,0.0
1491,P104,C_082,$30.00,1.0,14-02-2023,0.0
1492,P104,C_078,$250.50,,02/23/2023,1.0
1493,P102,C_049,$30.00,2.0,03-10-2023,0.0
1494,P102,C_039,$250.50,,01/19/2023,1.0
1495,P101,C_082,$30.00,4.0,13-03-2023,0.0
1496,P102,C_060,$75,3.0,01/27/2023,1.0
1497,P101,C_068,$250.50,1.0,10-03-2023,1.0
1498,P102,C_017,$250.50,4.0,28-03-2023,1.0
1499,P105,C_016,$150.00,2.0,17-03-2023,0.0
1500,P105,C_038,$30.00,2.0,02-12-2023,0.0
1501,P101,C_038,$75,,16-01-2023,0.0
1502,P104,C_042,,5.0,01-04-2023,0.0
1503,P104,C_041,120,3.0,02-06-2023,0.0
1504,P104,C_079,,3.0,02-09-2023,1.0
1505,P103,C_076,$30.00,4.0,13-01-2023,0.0
1506,P104,C_051,$75,3.0,02-10-2023,1.0
1507,P101,C_083,$75,,19-01-2023,1.0
1508,P103,C_081,120,5.0,02/23/2023,1.0
1509,P102,C_036,$250.50,2.0,18-02-2023,1.0
1510,P102,C_074,120,,03/29/2023,0.0
1511,P103,C_073,,,03-04-2023,1.0
1512,P102,C_056,$75,2.0,03-11-2023,0.0
1513,P102,C_080,,1.0,09-03-2023,1.0
1514,P101,C_096,$150.00,1.0,22-02-2023,0.0
1515,P102,C_019,,2.0,02-01-2023,1.0
1516,P105,C_069,$250.50,1.0,21-03-2023,1.0
1517,P105,C_072,,4.0,03-01-2023,
1518,P105,C_081,$30.00,1.0,03-01-2023,1.0
1519,P103,C_079,$250.50,1.0,06-03-2023,1.0
1520,P104,C_033,$150.00,1.0,09-03-2023,0.0
1521,P102,C_035,120,5.0,02-02-2023,1.0
1522,P103,C_061,$150.00,3.0,02/21/2023,0.0
1523,P105,C_042,,2.0,08-02-2023,0.0
1524,P101,C_094,,1.0,01-12-2023,0.0
1525,P104,C_059,120,4.0,08-01-2023,1.0
1526,P101,C_032,$150.00,4.0,25-02-2023,1.0
1527,P103,C_083,$150.00,5.0,06-01-2023,1.0
1528,P102,C_099,120,4.0,04-02-2023,1.0
1529,P101,C_098,$250.50,5.0,14-03-2023,1.0
1530,P101,C_033,$250.50,1.0,27-01-2023,0.0
1531,P102,C_061,$150.00,3.0,21-01-2023,0.0
1532,P102,C_083,$30.00,,03-11-2023,1.0
1533,P104,C_028,,,11-01-2023,1.0
1534,P103,C_017,$150.00,4.0,30-01-2023,1.0
1535,P103,C_088,120,5.0,02/20/2023,1.0
1536,P101,C_092,$250.50,4.0,04-03-2023,0.0
1537,P103,C_081,$30.00,4.0,24-01-2023,1.0
1538,P105,C_095,$30.00,1.0,03/21/2023,1.0
1539,P102,C_020,$150.00,3.0,01/20/2023,0.0
1540,P102,C_060,$250.50,3.0,14-01-2023,1.0
1541,P101,C_050,$30.00,3.0,04-02-2023,0.0
1542,P102,C_022,$75,4.0,27-02-2023,0.0
1543,P105,C_076,$30.00,1.0,04-01-2023,0.0
1544,P103,C_081,$150.00,5.0,03/18/2023,1.0
1545,P104,C_012,$250.50,4.0,19-02-2023,1.0
1546,P105,C_042,120,5.0,22-01-2023,0.0
1547,P104,C_032,$75,3.0,02-08-2023,1.0
1548,P104,C_029,$150.00,2.0,02/25/2023,0.0
1549,P104,C_049,$30.00,1.0,02/16/2023,0.0
1550,P102,C_091,$30.00,5.0,20-03-2023,0.0
1551,P104,C_024,$75,3.0,01-01-2023,0.0
1552,P103,C_090,$30.00,3.0,02/26/2023,0.0
1553,P104,C_094,120,2.0,02-08-2023,0.0
1554,P105,C_099,$75,4.0,10-02-2023,1.0
1555,P104,C_051,$250.50,,30-03-2023,1.0
1556,P104,C_084,$75,3.0,02/18/2023,0.0
1557,P104,C_057,$150.00,5.0,26-01-2023,0.0
1558,P105,C_034,,5.0,04-01-2023,1.0
1559,P104,C_037,$30.00,3.0,30-03-2023,0.0
1560,P104,C_097,$30.00,2.0,03/23/2023,0.0
1561,P102,C_043,,2.0,02/24/2023,0.0
1562,P101,C_068,120,4.0,03/16/2023,1.0
1563,P105,C_075,,4.0,11-03-2023,1.0
1564,P103,C_079,120,,11-01-2023,1.0
1565,P102,C_095,,3.0,22-01-2023,1.0
1566,P105,C_016,120,,28-03-2023,0.0
1567,P104,C_053,$30.00,1.0,02-01-2023,1.0
1568,P103,C_039,120,,08-03-2023,1.0
1569,P105,C_099,120,2.0,02/27/2023,1.0
1570,P104,C_070,,5.0,30-03-2023,1.0
1571,P102,C_055,$150.00,4.0,01/14/2023,0.0
1572,P104,C_021,$150.00,,01/19/2023,1.0
1573,P103,C_054,$30.00,2.0,03-08-2023,1.0
1574,P103,C_071,$150.00,4.0,03/31/2023,1.0
1575,P103,C_019,$250.50,1.0,01-04-2023,1.0
1576,P101,C_054,,1.0,28-03-2023,1.0
1577,P102,C_077,$75,5.0,01/21/2023,0.0
1578,P105,C_065,$30.00,2.0,21-02-2023,1.0
1579,P102,C_034,,,02/25/2023,1.0
1580,P101,C_089,$75,4.0,03/17/2023,0.0
1581,P104,C_011,,2.0,01/27/2023,1.0
1582,P101,C_084,$150.00,5.0,01/24/2023,0.0
1583,P103,C_036,$30.00,1.0,03-02-2023,1.0
1584,P104,C_078,,3.0,03/18/2023,1.0
1585,P105,C_061,120,1.0,02/14/2023,0.0
1586,P104,C_090,$75,,04-01-2023,0.0
1587,P105,C_086,$150.00,,01/18/2023,0.0
1588,P101,C_041,$250.50,1.0,01/24/2023,0.0
1589,P102,C_076,$30.00,4.0,18-03-2023,0.0
1590,P105,C_060,$30.00,2.0,04-03-2023,1.0
1591,P105,C_099,,2.0,13-03-2023,1.0
1592,P104,C_047,$75,2.0,02-10-2023,0.0
1593,P105,C_017,$250.50,1.0,04-03-2023,1.0
1594,P102,C_060,120,5.0,03/25/2023,1.0
1595,P104,C_098,$30.00,4.0,04-01-2023,1.0
1596,P104,C_032,$150.00,5.0,04-01-2023,1.0
1597,P103,C_015,$250.50,2.0,03-10-2023,0.0
1598,P102,C_069,120,,05-03-2023,1.0
1599,P105,C_025,120,1.0,04-02-2023,1.0
1600,P103,C_080,$150.00,,26-02-2023,1.0
1601,P102,C_065,$150.00,,25-03-2023,1.0
1602,P103,C_015,$30.00,3.0,14-02-2023,0.0
1603,P104,C_026,$75,2.0,17-03-2023,1.0
1604,P103,C_089,,4.0,22-01-2023,0.0
1605,P102,C_037,$75,1.0,03/14/2023,0.0
1606,P105,C_046,120,5.0,01/22/2023,1.0
1607,P103,C_048,120,3.0,07-03-2023,0.0
1608,P101,C_028,$30.00,1.0,05-02-2023,1.0
1609,P102,C_027,$75,2.0,11-02-2023,1.0
1610,P104,C_073,$75,5.0,03/22/2023,1.0
1611,P104,C_059,$30.00,1.0,23-03-2023,1.0
1612,P104,C_076,,3.0,03/30/2023,0.0
1613,P104,C_073,$250.50,5.0,01-01-2023,1.0
1614,P101,C_069,,,03/31/2023,1.0
1615,P101,C_079,$30.00,2.0,24-02-2023,1.0
1616,P104,C_045,$250.50,3.0,13-02-2023,0.0
1617,P105,C_027,120,4.0,13-02-2023,1.0
1618,P101,C_016,$150.00,,28-02-2023,0.0
1619,P101,C_031,$30.00,4.0,01-01-2023,1.0
1620,P102,C_099,$75,,08-02-2023,1.0
1621,P103,C_022,,3.0,02-02-2023,0.0
1622,P103,C_096,,2.0,01-07-2023,0.0
1623,P103,C_040,$30.00,,12-01-2023,0.0
1624,P101,C_011,$75,4.0,10-01-2023,1.0
1625,P105,C_039,120,,26-02-2023,1.0
1626,P101,C_054,$150.00,4.0,30-03-2023,1.0
1627,P104,C_020,$75,4.0,12-01-2023,0.0
1628,P101,C_024,$250.50,3.0,08-02-2023,0.0
1629,P104,C_028,,,19-01-2023,1.0
1630,P105,C_083,$150.00,5.0,25-03-2023,1.0
1631,P104,C_055,,2.0,22-03-2023,0.0
1632,P102,C_063,120,,26-02-2023,0.0
1633,P101,C_023,$75,1.0,17-03-2023,1.0
1634,P104,C_055,$30.00,3.0,18-01-2023,0.0
1635,P103,C_093,$150.00,2.0,12-03-2023,0.0
1636,P105,C_088,$250.50,,04-01-2023,1.0
1637,P103,C_037,120,5.0,07-03-2023,0.0
1638,P104,C_048,,1.0,01/31/2023,0.0
1639,P104,C_025,$75,4.0,23-03-2023,1.0
1640,P101,C_078,$150.00,3.0,10-02-2023,1.0
1641,P104,C_083,$30.00,3.0,11-03-2023,1.0
1642,P102,C_071,$150.00,1.0,17-03-2023,1.0
1643,P101,C_044,$75,1.0,01-08-2023,0.0
1644,P105,C_047,,,03-06-2023,0.0
1645,P104,C_062,$150.00,,10-03-2023,1.0
1646,P105,C_030,$250.50,1.0,09-02-2023,0.0
1647,P105,C_037,$75,5.0,02-11-2023,0.0
1648,P105,C_092,,,24-03-2023,0.0
1649,P103,C_066,,2.0,08-01-2023,0.0
1650,P101,C_066,$150.00,4.0,20-03-2023,0.0
1651,P101,C_050,,,26-03-2023,0.0
1652,P102,C_026,$150.00,,18-01-2023,1.0
1653,P101,C_031,$30.00,3.0,08-03-2023,1.0
1654,P103,C_032,$250.50,2.0,04-02-2023,1.0
1655,P101,C_014,$250.50,4.0,04-02-2023,0.0
1656,P101,C_044,,5.0,22-03-2023,0.0
1657,P104,C_069,120,3.0,01-08-2023,1.0
1658,P105,C_032,$250.50,2.0,02-02-2023,1.0
1659,P105,C_097,,1.0,30-01-2023,0.0
1660,P105,C_011,$150.00,1.0,01-02-2023,1.0
1661,P104,C_057,$30.00,2.0,23-01-2023,0.0
1662,P105,C_094,$30.00,2.0,11-02-2023,0.0
1663,P104,C_051,$250.50,1.0,03/15/2023,1.0
1664,P101,C_075,,1.0,23-01-2023,1.0
1665,P105,C_016,$30.00,1.0,03-01-2023,0.0
1666,P103,C_052,$150.00,5.0,28-02-2023,0.0
1667,P103,C_036,$250.50,5.0,08-02-2023,1.0
1668,P105,C_042,$30.00,3.0,03/17/2023,0.0
1669,P102,C_080,$75,2.0,01-01-2023,1.0
1670,P101,C_040,120,3.0,23-03-2023,0.0
1671,P101,C_053,$150.00,,18-02-2023,1.0
1672,P103,C_024,$75,5.0,01/31/2023,0.0
1673,P104,C_018,$75,,05-02-2023,0.0
1674,P101,C_040,120,4.0,03/31/2023,0.0
1675,P104,C_021,120,1.0,06-03-2023,1.0
1676,P104,C_020,120,5.0,01-08-2023,0.0
1677,P102,C_041,$250.50,3.0,02-10-2023,0.0
1678,P103,C_051,$30.00,3.0,30-01-2023,1.0
1679,P102,C_028,120,1.0,20-01-2023,1.0
1680,P102,C_068,$30.00,3.0,22-02-2023,1.0
1681,P105,C_056,$75,4.0,02-09-2023,0.0
1682,P103,C_026,$150.00,2.0,03/29/2023,1.0
1683,P105,C_016,$75,3.0,19-01-2023,0.0
1684,P102,C_056,$30.00,5.0,07-01-2023,0.0
1685,P103,C_044,$75,1.0,02/21/2023,0.0
1686,P105,C_081,$75,1.0,01-03-2023,1.0
1687,P102,C_026,$150.00,1.0,29-01-2023,1.0
1688,P102,C_062,$250.50,,22-03-2023,1.0
1689,P101,C_085,120,3.0,10-01-2023,0.0
1690,P101,C_036,,4.0,17-01-2023,1.0
1691,P103,C_026,$150.00,4.0,07-01-2023,1.0
1692,P105,C_066,,4.0,05-03-2023,0.0
1693,P104,C_098,$30.00,2.0,15-02-2023,1.0
1694,P102,C_046,$250.50,4.0,20-01-2023,1.0
1695,P105,C_090,120,2.0,03/24/2023,0.0
1696,P104,C_063,120,4.0,08-01-2023,0.0
1697,P103,C_060,$75,4.0,26-01-2023,1.0
1698,P105,C_042,,5.0,01-03-2023,0.0
1699,P103,C_072,120,4.0,14-02-2023,
1700,P105,C_052,$30.00,3.0,24-01-2023,0.0
1701,P103,C_087,$75,1.0,05-02-2023,1.0
1702,P104,C_078,$250.50,5.0,30-01-2023,1.0
1703,P101,C_042,,2.0,04-02-2023,0.0
1704,P101,C_039,120,4.0,15-02-2023,1.0
1705,P102,C_041,120,3.0,03/31/2023,0.0
1706,P105,C_014,,,15-02-2023,0.0
1707,P105,C_029,120,2.0,05-03-2023,0.0
1708,P103,C_033,$30.00,1.0,12-01-2023,0.0
1709,P102,C_088,$75,1.0,03-09-2023,1.0
1710,P101,C_053,120,2.0,01/17/2023,1.0
1711,P102,C_052,$150.00,1.0,19-01-2023,0.0
1712,P102,C_025,120,3.0,01-10-2023,1.0
1713,P104,C_086,$150.00,3.0,02-08-2023,0.0
1714,P102,C_031,,4.0,03/23/2023,1.0
1715,P103,C_033,,5.0,30-03-2023,0.0
1716,P103,C_039,,5.0,01/23/2023,1.0
1717,P103,C_099,$250.50,2.0,23-01-2023,1.0
1718,P101,C_084,$30.00,5.0,05-01-2023,0.0
1719,P105,C_051,120,2.0,23-03-2023,1.0
1720,P101,C_074,$75,3.0,10-01-2023,0.0
1721,P103,C_051,$75,,12-01-2023,1.0
1722,P103,C_068,$150.00,3.0,27-01-2023,1.0
1723,P101,C_055,$250.50,1.0,01-01-2023,0.0
1724,P104,C_067,,4.0,01/22/2023,0.0
1725,P104,C_059,$250.50,5.0,18-02-2023,1.0
1726,P104,C_084,,,29-01-2023,0.0
1727,P104,C_020,$150.00,3.0,01-03-2023,0.0
1728,P103,C_024,$150.00,3.0,01/22/2023,0.0
1729,P102,C_020,120,1.0,13-02-2023,0.0
1730,P105,C_072,,1.0,25-02-2023,
1731,P102,C_088,$30.00,2.0,07-01-2023,1.0
1732,P103,C_037,$75,4.0,31-03-2023,0.0
1733,P105,C_044,,3.0,08-02-2023,0.0
1734,P101,C_017,$30.00,5.0,03-12-2023,1.0
1735,P102,C_017,$250.50,1.0,24-02-2023,1.0
1736,P103,C_095,,5.0,03-03-2023,1.0
1737,P101,C_014,$75,2.0,03/23/2023,0.0
1738,P101,C_071,$150.00,3.0,02/20/2023,1.0
1739,P104,C_095,$250.50,1.0,24-03-2023,1.0
1740,P104,C_034,$250.50,4.0,17-02-2023,1.0
1741,P104,C_016,$250.50,4.0,03-01-2023,0.0
1742,P102,C_045,120,1.0,20-01-2023,0.0
1743,P101,C_021,,3.0,03-11-2023,1.0
1744,P105,C_040,120,1.0,19-02-2023,0.0
1745,P104,C_079,,4.0,15-03-2023,1.0
1746,P104,C_049,$150.00,4.0,05-01-2023,0.0
1747,P105,C_077,120,,21-03-2023,0.0
1748,P101,C_068,$75,2.0,28-01-2023,1.0
1749,P102,C_016,$30.00,1.0,03/29/2023,0.0
1750,P102,C_091,$75,5.0,02-03-2023,0.0
1751,P101,C_022,$30.00,5.0,20-02-2023,0.0
1752,P103,C_046,120,4.0,02-01-2023,1.0
1753,P105,C_086,120,4.0,01/15/2023,0.0
1754,P102,C_029,120,5.0,16-03-2023,0.0
1755,P101,C_083,$150.00,3.0,03-10-2023,1.0
1756,P104,C_044,$30.00,,04-03-2023,0.0
1757,P105,C_071,$150.00,2.0,02-05-2023,1.0
1758,P102,C_090,120,,03/30/2023,0.0
1759,P101,C_061,$250.50,,31-01-2023,0.0
1760,P104,C_045,$250.50,1.0,02/13/2023,0.0
1761,P103,C_046,$30.00,,29-03-2023,1.0
1762,P102,C_028,$250.50,,02/26/2023,1.0
1763,P103,C_064,120,,12-01-2023,1.0
1764,P104,C_038,$30.00,,04-03-2023,0.0
1765,P103,C_018,120,2.0,01-09-2023,0.0
1766,P105,C_062,$75,5.0,14-03-2023,1.0
1767,P102,C_035,$75,1.0,01-02-2023,1.0
1768,P104,C_017,$250.50,,01/26/2023,1.0
1769,P103,C_070,120,4.0,23-03-2023,1.0
1770,P101,C_041,$250.50,4.0,03/18/2023,0.0
1771,P102,C_071,120,5.0,02/14/2023,1.0
1772,P102,C_044,,,01-12-2023,0.0
1773,P101,C_060,$150.00,2.0,15-03-2023,1.0
1774,P102,C_093,$75,,01/27/2023,0.0
1775,P104,C_076,$150.00,,01-02-2023,0.0
1776,P102,C_093,$75,5.0,02-01-2023,0.0
1777,P103,C_088,$250.50,,01-04-2023,1.0
1778,P103,C_065,$30.00,3.0,02/28/2023,1.0
1779,P102,C_070,$250.50,,08-03-2023,1.0
1780,P104,C_085,$150.00,1.0,07-03-2023,0.0
1781,P103,C_082,,5.0,03/19/2023,0.0
1782,P103,C_098,$150.00,4.0,01-09-2023,1.0
1783,P103,C_092,$250.50,3.0,03-02-2023,0.0
1784,P103,C_035,$75,5.0,31-01-2023,1.0
1785,P105,C_062,,3.0,29-03-2023,1.0
1786,P101,C_094,$30.00,3.0,02-03-2023,0.0
1787,P104,C_060,,1.0,16-03-2023,1.0
1788,P105,C_035,$250.50,,29-01-2023,1.0
1789,P105,C_092,$30.00,,15-02-2023,0.0
1790,P103,C_032,,5.0,01/24/2023,1.0
1791,P101,C_071,$75,,03-02-2023,1.0
1792,P105,C_034,,3.0,25-03-2023,1.0
1793,P102,C_056,$75,,02-09-2023,0.0
1794,P103,C_058,$250.50,5.0,02-07-2023,1.0
1795,P101,C_071,$150.00,,16-03-2023,1.0
1796,P105,C_020,$30.00,2.0,06-03-2023,0.0
1797,P104,C_078,$250.50,4.0,07-01-2023,1.0
1798,P102,C_036,$250.50,4.0,03/14/2023,1.0
1799,P102,C_051,,2.0,01-11-2023,1.0
1800,P103,C_091,$75,3.0,23-03-2023,0.0
1801,P101,C_068,$250.50,2.0,22-01-2023,1.0
1802,P102,C_073,$150.00,2.0,03/20/2023,1.0
1803,P104,C_062,$30.00,4.0,19-02-2023,1.0
1804,P101,C_079,$75,,17-02-2023,1.0
1805,P103,C_078,$75,1.0,28-03-2023,1.0
1806,P102,C_039,,3.0,09-02-2023,1.0
1807,P101,C_060,120,5.0,09-02-2023,1.0
1808,P101,C_016,$250.50,3.0,28-02-2023,0.0
1809,P105,C_087,120,3.0,25-02-2023,1.0
1810,P102,C_054,$30.00,3.0,25-01-2023,1.0
1811,P104,C_013,$75,2.0,17-01-2023,0.0
1812,P101,C_086,120,2.0,01/16/2023,0.0
1813,P101,C_059,,3.0,10-03-2023,1.0
1814,P101,C_087,$150.00,,14-01-2023,1.0
1815,P101,C_017,,1.0,02/23/2023,1.0
1816,P104,C_026,120,3.0,02-03-2023,1.0
1817,P102,C_037,,,22-03-2023,0.0
1818,P103,C_064,,1.0,26-03-2023,1.0
1819,P103,C_090,120,,01/18/2023,0.0
1820,P101,C_076,,5.0,01/16/2023,0.0
1821,P101,C_024,$30.00,2.0,19-03-2023,0.0
1822,P103,C_077,$75,3.0,04-01-2023,0.0
1823,P103,C_031,$150.00,5.0,05-03-2023,1.0
1824,P104,C_053,$75,1.0,02-01-2023,1.0
1825,P101,C_025,120,,05-03-2023,1.0
1826,P101,C_076,$150.00,,01/13/2023,0.0
1827,P102,C_069,$250.50,3.0,01-03-2023,1.0
1828,P101,C_033,$150.00,3.0,16-02-2023,0.0
1829,P103,C_065,,1.0,13-01-2023,1.0
1830,P101,C_028,,,01/22/2023,1.0
1831,P103,C_067,120,3.0,01-12-2023,0.0
1832,P103,C_034,$150.00,4.0,02/21/2023,1.0
1833,P103,C_060,,4.0,23-02-2023,1.0
1834,P102,C_025,$75,,08-01-2023,1.0
1835,P101,C_064,120,4.0,14-03-2023,1.0
1836,P104,C_034,120,4.0,15-02-2023,1.0
1837,P101,C_098,,2.0,03-03-2023,1.0
1838,P101,C_063,$30.00,1.0,01-09-2023,0.0
1839,P103,C_012,,,09-03-2023,1.0
1840,P105,C_083,$75,,13-02-2023,1.0
1841,P105,C_099,,5.0,01/13/2023,1.0
1842,P102,C_072,$250.50,,28-03-2023,
1843,P104,C_030,120,5.0,07-01-2023,0.0
1844,P102,C_075,$30.00,4.0,22-01-2023,1.0
1845,P104,C_052,$75,3.0,05-02-2023,0.0
1846,P105,C_039,120,,02/18/2023,1.0
1847,P102,C_021,$30.00,4.0,03/15/2023,1.0
1848,P101,C_074,$30.00,3.0,01/16/2023,0.0
1849,P101,C_024,$30.00,4.0,05-01-2023,0.0
1850,P105,C_011,$150.00,5.0,21-03-2023,1.0
1851,P103,C_076,120,2.0,25-03-2023,0.0
1852,P104,C_054,$250.50,1.0,01/29/2023,1.0
1853,P103,C_082,120,5.0,02-03-2023,0.0
1854,P103,C_068,$150.00,1.0,26-03-2023,1.0
1855,P101,C_054,$250.50,,07-02-2023,1.0
1856,P105,C_058,,1.0,06-01-2023,1.0
1857,P104,C_028,,,22-02-2023,1.0
1858,P103,C_089,$75,2.0,01/16/2023,0.0
1859,P102,C_069,$75,,13-02-2023,1.0
1860,P104,C_016,,,17-03-2023,0.0
1861,P104,C_069,,5.0,06-03-2023,1.0
1862,P104,C_011,120,,07-01-2023,1.0
1863,P104,C_085,$30.00,5.0,23-01-2023,0.0
1864,P105,C_033,,2.0,01/14/2023,0.0
1865,P105,C_088,$250.50,5.0,02/19/2023,1.0
1866,P105,C_099,$75,3.0,02/20/2023,1.0
1867,P103,C_068,$75,2.0,22-02-2023,1.0
1868,P105,C_049,,5.0,10-02-2023,0.0
1869,P105,C_091,$75,2.0,27-01-2023,0.0
1870,P103,C_098,$250.50,,17-01-2023,1.0
1871,P102,C_075,120,,03/23/2023,1.0
1872,P101,C_056,120,4.0,16-03-2023,0.0
1873,P104,C_097,,5.0,02-06-2023,0.0
1874,P101,C_077,$150.00,1.0,18-02-2023,0.0
1875,P101,C_096,$150.00,2.0,04-02-2023,0.0
1876,P103,C_098,$250.50,2.0,08-01-2023,1.0
1877,P103,C_037,120,1.0,02/15/2023,0.0
1878,P101,C_089,,,13-03-2023,0.0
1879,P105,C_060,$75,5.0,03/31/2023,1.0
1880,P101,C_059,$30.00,4.0,03/29/2023,1.0
1881,P105,C_017,$150.00,,02-02-2023,1.0
1882,P105,C_067,$75,,01-04-2023,0.0
1883,P103,C_086,120,,19-03-2023,0.0
1884,P102,C_048,$30.00,2.0,29-03-2023,0.0
1885,P102,C_033,,5.0,01/16/2023,0.0
1886,P101,C_065,$250.50,5.0,03-02-2023,1.0
1887,P102,C_085,$250.50,1.0,02-12-2023,0.0
1888,P102,C_016,$75,3.0,18-03-2023,0.0
1889,P105,C_095,$250.50,4.0,15-03-2023,1.0
1890,P103,C_020,,3.0,09-03-2023,0.0
1891,P102,C_077,$150.00,5.0,01/21/2023,0.0
1892,P105,C_079,$30.00,1.0,14-02-2023,1.0
1893,P102,C_095,$250.50,3.0,02/16/2023,1.0
1894,P102,C_090,120,4.0,13-03-2023,0.0
1895,P101,C_025,,3.0,27-02-2023,1.0
1896,P105,C_090,$75,1.0,03/29/2023,0.0
1897,P104,C_025,$30.00,3.0,11-03-2023,1.0
1898,P103,C_014,120,3.0,07-03-2023,0.0
1899,P104,C_073,$150.00,3.0,25-03-2023,1.0
1900,P103,C_076,$150.00,1.0,22-01-2023,0.0
1901,P105,C_011,,1.0,27-01-2023,1.0
1902,P102,C_098,$30.00,1.0,27-01-2023,1.0
1903,P104,C_093,$150.00,,29-03-2023,0.0
1904,P101,C_069,,3.0,05-01-2023,1.0
1905,P101,C_017,$75,3.0,13-03-2023,1.0
1906,P105,C_040,$250.50,4.0,02/19/2023,0.0
1907,P104,C_066,$250.50,1.0,19-02-2023,0.0
1908,P101,C_079,$150.00,,21-03-2023,1.0
1909,P105,C_016,,1.0,15-02-2023,0.0
1910,P101,C_048,,3.0,19-03-2023,0.0
1911,P103,C_067,$30.00,4.0,26-03-2023,0.0
1912,P104,C_031,120,2.0,18-01-2023,1.0
1913,P104,C_080,$250.50,,01/19/2023,1.0
1914,P103,C_012,120,5.0,19-01-2023,1.0
1915,P101,C_011,120,5.0,20-02-2023,1.0
1916,P105,C_021,$250.50,2.0,14-02-2023,1.0
1917,P104,C_093,120,2.0,21-01-2023,0.0
1918,P102,C_089,$250.50,2.0,15-01-2023,0.0
1919,P105,C_017,120,4.0,24-03-2023,1.0
1920,P101,C_048,,1.0,02-02-2023,0.0
1921,P102,C_085,$30.00,3.0,15-02-2023,0.0
1922,P102,C_023,$250.50,5.0,09-01-2023,1.0
1923,P103,C_073,$30.00,3.0,20-03-2023,1.0
1924,P103,C_099,120,2.0,14-03-2023,1.0
1925,P103,C_051,$30.00,2.0,01-01-2023,1.0
1926,P102,C_039,,,03/24/2023,1.0
1927,P103,C_057,$75,,02-12-2023,0.0
1928,P104,C_068,$250.50,3.0,04-03-2023,1.0
1929,P101,C_033,,5.0,01-11-2023,0.0
1930,P102,C_079,$75,3.0,22-03-2023,1.0
1931,P101,C_013,120,,04-01-2023,0.0
1932,P105,C_062,120,2.0,05-01-2023,1.0
1933,P103,C_080,120,4.0,25-03-2023,1.0
1934,P103,C_061,$75,5.0,07-02-2023,0.0
1935,P104,C_075,120,1.0,02/20/2023,1.0
1936,P105,C_012,,2.0,20-03-2023,1.0
1937,P102,C_076,$75,4.0,21-01-2023,0.0
1938,P105,C_083,,2.0,03-03-2023,1.0
1939,P101,C_039,$30.00,2.0,01-09-2023,1.0
1940,P103,C_040,$150.00,,27-01-2023,0.0
1941,P103,C_060,$30.00,4.0,06-01-2023,1.0
1942,P103,C_024,,5.0,03/23/2023,0.0
1943,P103,C_085,120,5.0,01/23/2023,0.0
1944,P104,C_057,120,,10-01-2023,0.0
1945,P103,C_059,$75,5.0,02/21/2023,1.0
1946,P103,C_073,$30.00,5.0,01-01-2023,1.0
1947,P102,C_067,$75,2.0,10-01-2023,0.0
1948,P103,C_038,$75,2.0,01/21/2023,0.0
1949,P105,C_026,,2.0,02/23/2023,1.0
1950,P101,C_072,,4.0,03-03-2023,
1951,P105,C_031,,4.0,03-01-2023,1.0
1952,P101,C_027,120,5.0,21-01-2023,1.0
1953,P105,C_016,120,2.0,08-01-2023,0.0
1954,P103,C_034,120,4.0,18-03-2023,1.0
1955,P101,C_095,$250.50,1.0,01/28/2023,1.0
1956,P105,C_071,$30.00,2.0,01/29/2023,1.0
1957,P105,C_029,120,2.0,21-03-2023,0.0
1958,P105,C_044,$75,,03/29/2023,0.0
1959,P104,C_087,120,1.0,01/30/2023,1.0
1960,P104,C_027,$150.00,1.0,26-01-2023,1.0
1961,P105,C_098,$30.00,2.0,19-03-2023,1.0
1962,P102,C_071,120,5.0,05-01-2023,1.0
1963,P105,C_026,$150.00,4.0,26-03-2023,1.0
1964,P105,C_080,$150.00,,03/25/2023,1.0
1965,P105,C_064,$250.50,1.0,31-03-2023,1.0
1966,P104,C_040,$30.00,4.0,14-02-2023,0.0
1967,P105,C_023,$30.00,2.0,02-02-2023,1.0
1968,P102,C_021,$250.50,5.0,03-11-2023,1.0
1969,P103,C_035,$150.00,,01-01-2023,1.0
1970,P105,C_026,120,1.0,18-02-2023,1.0
1971,P102,C_099,$250.50,4.0,16-02-2023,1.0
1972,P102,C_065,,5.0,02-02-2023,1.0
1973,P105,C_065,120,3.0,03/20/2023,1.0
1974,P104,C_037,$30.00,5.0,03/13/2023,0.0
1975,P102,C_058,120,5.0,03-03-2023,1.0
1976,P103,C_084,$250.50,,20-02-2023,0.0
1977,P102,C_095,$150.00,,01/30/2023,1.0
1978,P102,C_023,$75,5.0,02/21/2023,1.0
1979,P105,C_089,,,01-04-2023,0.0
1980,P102,C_060,,1.0,12-01-2023,1.0
1981,P104,C_087,$30.00,1.0,01-09-2023,1.0
1982,P102,C_058,$150.00,5.0,05-01-2023,1.0
1983,P104,C_062,120,,03-08-2023,1.0
1984,P105,C_018,$75,,03-05-2023,0.0
1985,P101,C_036,,5.0,06-02-2023,1.0
1986,P101,C_087,120,5.0,31-03-2023,1.0
1987,P105,C_032,,1.0,16-02-2023,1.0
1988,P101,C_031,$150.00,3.0,02/21/2023,1.0
1989,P104,C_062,120,2.0,08-03-2023,1.0
1990,P101,C_022,120,3.0,13-03-2023,0.0
1991,P103,C_055,$250.50,2.0,19-03-2023,0.0
1992,P104,C_062,120,1.0,03-02-2023,1.0
1993,P104,C_075,$150.00,5.0,10-01-2023,1.0
1994,P103,C_054,$150.00,5.0,02-02-2023,1.0
1995,P105,C_043,,4.0,18-02-2023,0.0
1996,P104,C_042,$250.50,4.0,03/29/2023,0.0
1997,P105,C_014,$30.00,1.0,03-02-2023,0.0
1998,P104,C_092,$75,,31-03-2023,0.0
1999,P103,C_063,$250.50,5.0,10-03-2023,0.0
2000,P103,C_042,$250.50,1.0,21-02-2023,0.0
